﻿Designator,Footprint,Quantity,Value,LCSC Part #
"C1, C11, C12, C15, C16",0603,5,100nF,
"C10, C13, C14, C20, C4",0603,5,1uF,
"C17, C2, C8",0805,3,10uF,
"C18, C23, C24, C9",0603,4,0.1uF,
C19,1210,1,22uF,
"C21, C22",0603,2,10uF,
C3,0805,1,22uF,
"C5, C6",0805,2,1uF,
C7,0603,1,4.7uF,
CR1,DO-214BA_MCH-L,1,LSM115JE3/TR13,
"D1, D2, D3, D4",0603,4,RED,
D5,0603,1,BLUE,
D6,0603,1,GREEN,
"H1, H2, H3, H4",MountingHole_3.2mm_M3_DIN965_Pad,4,MountingHole_Pad,
J1,PinSocket_1x08_P2.54mm_Vertical,1,PWR,
J2,PinSocket_1x06_P2.54mm_Vertical,1,PROG SOCKET,
J3,PinSocket_1x08_P2.54mm_Vertical,1,ADC_IN,
J4,CUI_MSD-1-A,1,MSD-1-A,
J8,PinSocket_1x08_P2.54mm_Vertical,1,GPIO/ESP_ADC OUT,
L1,1008,1,3.3uH,
Q2,SOT-23-3,1,DMP3099L,
"R10, R20",0603,2,5,
"R11, R5",0603,2,10k,
R17,0805,1,120,
R2,0603,1,68k,
R3,0603,1,750,
R4,0603,1,270,
R7,0603,1,150,
R8,0603,1,65,
SW1,SW_PTS636_CNK,1,RESET,
SW2,SW_PTS636_CNK,1,GPIO_0,
"TP1, TP10, TP11, TP12, TP13, TP14, TP15, TP18, TP2, TP21, TP22, TP3, TP4, TP5, TP9",TestPoint_Pad_D1.5mm,15,TestPoint,
"TP16, TP17, TP19, TP20, TP6, TP7, TP8",TestPoint_Loop_D2.60mm_Drill1.6mm_Beaded,7,TestPoint,
U1,TSOT-23-6,1,AP62150Z6-7,
U10,TSSOP-38_4.4x9.7mm_P0.5mm,1,ADS8688,
U2,SC-74A-5_1.55x2.9mm_P0.95mm,1,LDK320AM50R,
U3,SOT-223,1,LDL1117S33R,
U4,10LGA_2X2X0p75_BOS,1,BMP390,
U5,ESP32-WROOM-32UE,1,ESP32-WROOM-32UE,
U6,BMI088,1,BMI088,
U7,SOIC-8_5.275x5.275mm_P1.27mm,1,W25Q16JVSSIQ,
U8,SOIC-8_3.9x4.9mm_P1.27mm,1,MAX485CSA+T,
U9,SOT-23-5,1,MIC5504-3.3YM5,
